{
  "total_games": 50000,
  "wins": {
    "Minimax": 12847,
    "MCTS": 24286,
    "RuleBased": 12867
  },
  "hand_strengths": {
    "0": 63980,
    "1": 67466,
    "2": 11229,
    "7": 116,
    "4": 830,
    "3": 5157,
    "5": 674,
    "6": 545,
    "8": 2,
    "9": 1
  },
  "execution_time": 348.6860954761505,
  "move_times": {
    "RuleBased": 1.514899730682373e-05,
    "Minimax": 1.1981229782104493e-05,
    "MCTS": 0.002265743899345398
  }
}